protein_id,gene_symbol,taxon_id,taxon_label,term_id,term_label,term_description,term_ontology,evidence_type,negated,original_reference_id,original_reference_title,supporting_entities,extensions,review_summary,review_action,review_reason,review_supporting_text,review_proposed_replacement_terms,review_additional_reference_ids
Q09137,Prkaa2,NCBITaxon:10116,Rattus norvegicus,GO:0004674,protein serine/threonine kinase activity,,,IBA,,GO_REF:0000033,Annotation inferences using phylogenetic trees,,,"Core catalytic function strongly supported by extensive biochemical evidence. PRKAA2 phosphorylates serine/threonine residues on numerous substrates (ACC, HMGCR, PFK-2, ChREBP, TSC2, Raptor). Multiple IDA studies confirm this activity (PMID:8955377, PMID:12065578).",ACCEPT,,,,
Q09137,Prkaa2,NCBITaxon:10116,Rattus norvegicus,GO:0010508,positive regulation of autophagy,,,IBA,,GO_REF:0000033,Annotation inferences using phylogenetic trees,,,"Well-established function through ULK1 phosphorylation and mTORC1 inhibition. However, 2024 research shows complexity - AMPK can suppress autophagy in specific contexts. Keep as important but context-dependent function.",KEEP_AS_NON_CORE,,,,
Q09137,Prkaa2,NCBITaxon:10116,Rattus norvegicus,GO:0042149,cellular response to glucose starvation,,,IBA,,GO_REF:0000033,Annotation inferences using phylogenetic trees,,,Core function - AMPK is the primary cellular glucose/energy sensor. Activated by low glucose via AMP/ATP ratio changes. Knockout mice show impaired glucose homeostasis. Multiple ISS/ISO annotations support this.,ACCEPT,,,,
Q09137,Prkaa2,NCBITaxon:10116,Rattus norvegicus,GO:0006338,chromatin remodeling,,,IEA,,GO_REF:0000108,"Automatic assignment of GO terms using logical inference, based on on inter-ontology links.",,,"Supported by evidence of histone H2B Ser36 phosphorylation, but this is stress-specific and not a primary function. The IEA evidence is weak. Consider more specific term.",MODIFY,,,GO:0140823:histone H2BS36 kinase activity,
Q09137,Prkaa2,NCBITaxon:10116,Rattus norvegicus,GO:0004672,protein kinase activity,,,IEA,,GO_REF:0000002,Gene Ontology annotation through association of InterPro records with GO terms.,,,"Too general - more specific terms available (serine/threonine kinase, AMP-activated protein kinase). Redundant with better-annotated specific terms.",REMOVE,,,,
Q09137,Prkaa2,NCBITaxon:10116,Rattus norvegicus,GO:0004679,AMP-activated protein kinase activity,,,IEA,,GO_REF:0000120,Combined Automated Annotation using Multiple IEA Methods.,,,"Core defining function of PRKAA2. Multiple IDA studies confirm (PMID:11069105, PMID:11724780, PMID:14511394). This is THE primary molecular function.",ACCEPT,,,,
Q09137,Prkaa2,NCBITaxon:10116,Rattus norvegicus,GO:0005524,ATP binding,,,IEA,,GO_REF:0000120,Combined Automated Annotation using Multiple IEA Methods.,,,Essential for kinase function - ATP is the phosphate donor. IDA evidence exists (PMID:16648175). Crystal structures confirm ATP-binding pocket.,ACCEPT,,,,
Q09137,Prkaa2,NCBITaxon:10116,Rattus norvegicus,GO:0000166,nucleotide binding,,,IEA,,GO_REF:0000043,Gene Ontology annotation based on UniProtKB/Swiss-Prot keyword mapping,,,Too general - ATP binding is more specific and already annotated. Redundant.,REMOVE,,,,
Q09137,Prkaa2,NCBITaxon:10116,Rattus norvegicus,GO:0004674,protein serine/threonine kinase activity,,,IEA,,GO_REF:0000120,Combined Automated Annotation using Multiple IEA Methods.,,,Duplicate of earlier annotation with better evidence. Keep the IBA version.,REMOVE,,,,
Q09137,Prkaa2,NCBITaxon:10116,Rattus norvegicus,GO:0006325,chromatin organization,,,IEA,,GO_REF:0000043,Gene Ontology annotation based on UniProtKB/Swiss-Prot keyword mapping,,,"Weak IEA evidence. While H2B phosphorylation occurs, this is stress-specific and not a primary function. Too broad.",MARK_AS_OVER_ANNOTATED,,,,
Q09137,Prkaa2,NCBITaxon:10116,Rattus norvegicus,GO:0006629,lipid metabolic process,,,IEA,,GO_REF:0000043,Gene Ontology annotation based on UniProtKB/Swiss-Prot keyword mapping,,,"Core function via ACC and HMGCR phosphorylation. Controls fatty acid and cholesterol synthesis. Strong experimental support (PMID:12065578). However, more specific terms available.",ACCEPT,,,,
Q09137,Prkaa2,NCBITaxon:10116,Rattus norvegicus,GO:0006631,fatty acid metabolic process,,,IEA,,GO_REF:0000043,Gene Ontology annotation based on UniProtKB/Swiss-Prot keyword mapping,,,Core function - directly regulates ACC to control fatty acid synthesis/oxidation balance. IDA evidence for fatty acid homeostasis (PMID:11724780).,ACCEPT,,,,
Q09137,Prkaa2,NCBITaxon:10116,Rattus norvegicus,GO:0006633,fatty acid biosynthetic process,,,IEA,,GO_REF:0000043,Gene Ontology annotation based on UniProtKB/Swiss-Prot keyword mapping,,,AMPK actually INHIBITS fatty acid synthesis by phosphorylating ACC. This annotation implies positive regulation which is incorrect.,REMOVE,,,,
Q09137,Prkaa2,NCBITaxon:10116,Rattus norvegicus,GO:0006694,steroid biosynthetic process,,,IEA,,GO_REF:0000043,Gene Ontology annotation based on UniProtKB/Swiss-Prot keyword mapping,,,Too broad and AMPK generally inhibits steroid/cholesterol synthesis. More specific negative regulation terms would be appropriate.,REMOVE,,,,
Q09137,Prkaa2,NCBITaxon:10116,Rattus norvegicus,GO:0006695,cholesterol biosynthetic process,,,IEA,,GO_REF:0000043,Gene Ontology annotation based on UniProtKB/Swiss-Prot keyword mapping,,,AMPK INHIBITS cholesterol synthesis via HMGCR phosphorylation. This term implies positive regulation which is incorrect.,REMOVE,,,,
Q09137,Prkaa2,NCBITaxon:10116,Rattus norvegicus,GO:0006914,autophagy,,,IEA,,GO_REF:0000043,Gene Ontology annotation based on UniProtKB/Swiss-Prot keyword mapping,,,Too broad - 'positive regulation of autophagy' is more accurate. Complex bidirectional regulation discovered in 2024.,REMOVE,,,,
Q09137,Prkaa2,NCBITaxon:10116,Rattus norvegicus,GO:0008202,steroid metabolic process,,,IEA,,GO_REF:0000043,Gene Ontology annotation based on UniProtKB/Swiss-Prot keyword mapping,,,Too broad. AMPK's role is more specific to cholesterol metabolism inhibition.,REMOVE,,,,
Q09137,Prkaa2,NCBITaxon:10116,Rattus norvegicus,GO:0008203,cholesterol metabolic process,,,IEA,,GO_REF:0000043,Gene Ontology annotation based on UniProtKB/Swiss-Prot keyword mapping,,,AMPK regulates cholesterol metabolism primarily through HMGCR inhibition. Keep but note the regulatory direction.,KEEP_AS_NON_CORE,,,,
Q09137,Prkaa2,NCBITaxon:10116,Rattus norvegicus,GO:0016055,Wnt signaling pathway,,,IEA,,GO_REF:0000043,Gene Ontology annotation based on UniProtKB/Swiss-Prot keyword mapping,,,"Weak evidence, likely indirect effect. May phosphorylate beta-catenin but not a primary function. IEA only.",MARK_AS_OVER_ANNOTATED,,,,
Q09137,Prkaa2,NCBITaxon:10116,Rattus norvegicus,GO:0016126,sterol biosynthetic process,,,IEA,,GO_REF:0000043,Gene Ontology annotation based on UniProtKB/Swiss-Prot keyword mapping,,,AMPK inhibits rather than promotes sterol synthesis. Misleading annotation.,REMOVE,,,,
Q09137,Prkaa2,NCBITaxon:10116,Rattus norvegicus,GO:0016301,kinase activity,,,IEA,,GO_REF:0000043,Gene Ontology annotation based on UniProtKB/Swiss-Prot keyword mapping,,,"Too general - more specific terms (protein serine/threonine kinase, AMP-activated protein kinase) are already annotated.",REMOVE,,,,
Q09137,Prkaa2,NCBITaxon:10116,Rattus norvegicus,GO:0016740,transferase activity,,,IEA,,GO_REF:0000043,Gene Ontology annotation based on UniProtKB/Swiss-Prot keyword mapping,,,Far too general - specific kinase terms already present. No value added.,REMOVE,,,,
Q09137,Prkaa2,NCBITaxon:10116,Rattus norvegicus,GO:0031000,response to caffeine,,,IEA,,GO_REF:0000117,Electronic Gene Ontology annotations created by ARBA machine learning models,,,"IDA evidence exists (PMID:19608206) showing caffeine activates AMPK in muscle. However, this is a pharmacological response, not a core function.",KEEP_AS_NON_CORE,,,,
Q09137,Prkaa2,NCBITaxon:10116,Rattus norvegicus,GO:0045821,positive regulation of glycolytic process,,,IEA,,GO_REF:0000117,Electronic Gene Ontology annotations created by ARBA machine learning models,,,Core function - AMPK phosphorylates PFK-2 at Ser466 to activate glycolysis. Strong IDA evidence (PMID:11069105). Critical for ATP generation under stress.,ACCEPT,,,,
Q09137,Prkaa2,NCBITaxon:10116,Rattus norvegicus,GO:0046872,metal ion binding,,,IEA,,GO_REF:0000043,Gene Ontology annotation based on UniProtKB/Swiss-Prot keyword mapping,,,Mg2+ binding is required for kinase activity (coordinates ATP). Standard feature of protein kinases. Could be more specific.,MODIFY,,,GO:0000287:magnesium ion binding,
Q09137,Prkaa2,NCBITaxon:10116,Rattus norvegicus,GO:0047322,[hydroxymethylglutaryl-CoA reductase (NADPH)] kinase activity,,,IEA,,GO_REF:0000120,Combined Automated Annotation using Multiple IEA Methods.,,,Specific substrate phosphorylation well-documented (PMID:2369897). Important for cholesterol homeostasis. Keep as it provides mechanistic specificity.,ACCEPT,,,,
Q09137,Prkaa2,NCBITaxon:10116,Rattus norvegicus,GO:0048511,rhythmic process,,,IEA,,GO_REF:0000043,Gene Ontology annotation based on UniProtKB/Swiss-Prot keyword mapping,,,Too vague. 'Regulation of circadian rhythm' is more specific and has better evidence. Redundant.,REMOVE,,,,
Q09137,Prkaa2,NCBITaxon:10116,Rattus norvegicus,GO:0055089,fatty acid homeostasis,,,IEA,,GO_REF:0000117,Electronic Gene Ontology annotations created by ARBA machine learning models,,,Core function with strong IDA evidence (PMID:11724780). AMPK balances fatty acid synthesis/oxidation via ACC phosphorylation.,ACCEPT,,,,
Q09137,Prkaa2,NCBITaxon:10116,Rattus norvegicus,GO:0071277,cellular response to calcium ion,,,IEA,,GO_REF:0000117,Electronic Gene Ontology annotations created by ARBA machine learning models,,,AMPK is activated by CaMKK2 in response to calcium. IMP evidence exists (PMID:25788287). Important regulatory mechanism but not primary function.,KEEP_AS_NON_CORE,,,,
Q09137,Prkaa2,NCBITaxon:10116,Rattus norvegicus,GO:0071333,cellular response to glucose stimulus,,,IEA,,GO_REF:0000117,Electronic Gene Ontology annotations created by ARBA machine learning models,,,Core function - responds to both high and low glucose. IMP evidence (PMID:25788287). Central to glucose homeostasis.,ACCEPT,,,,
Q09137,Prkaa2,NCBITaxon:10116,Rattus norvegicus,GO:0097009,energy homeostasis,,,IEA,,GO_REF:0000117,Electronic Gene Ontology annotations created by ARBA machine learning models,,,THE core function of AMPK - master regulator of cellular energy balance. Strong IDA evidence (PMID:11724780). Fundamental role.,ACCEPT,,,,
Q09137,Prkaa2,NCBITaxon:10116,Rattus norvegicus,GO:0106310,protein serine kinase activity,,,IEA,,GO_REF:0000116,Automatic Gene Ontology annotation based on Rhea mapping.,,,Redundant with 'protein serine/threonine kinase activity' which is more complete and has better evidence.,REMOVE,,,,
Q09137,Prkaa2,NCBITaxon:10116,Rattus norvegicus,GO:0031669,cellular response to nutrient levels,,,ISO,,GO_REF:0000096,Automated transfer of experimentally-verified manual GO annotation data to mouse-rat orthologs.,,,Core function - AMPK senses and responds to nutrient availability. Strong ISO evidence from mouse. Fundamental role in metabolism.,ACCEPT,,,,
Q22179,lrx-1,NCBITaxon:6239,Caenorhabditis elegans,GO:0012505,endomembrane system,,,IEA,,GO_REF:0000044,UniProt-GOA annotations,,,ARBA-based prediction without experimental support,REMOVE,"Based on incorrect membrane protein prediction; bioinformatic analysis suggests secreted protein, not membrane-bound",,,file:worm/lrx-1/lrx-1-bioinformatics/RESULTS.md
Q22179,lrx-1,NCBITaxon:6239,Caenorhabditis elegans,GO:0016020,membrane,,,IEA,,GO_REF:0000120,UniProt-GOA annotations ARBA,,,ARBA-based prediction of membrane localization,REMOVE,No strong transmembrane helix detected; weak hydrophobic regions incompatible with membrane insertion,,,file:worm/lrx-1/lrx-1-bioinformatics/RESULTS.md
Q22179,lrx-1,NCBITaxon:6239,Caenorhabditis elegans,GO:0016192,vesicle-mediated transport,,,IEA,,GO_REF:0000117,UniProt-GOA annotations ARBA,,,ARBA-based prediction from incorrect LRP domain annotation,REMOVE,Based on false LDL receptor domain predictions; no evidence for cargo receptor function,,,file:worm/lrx-1/lrx-1-bioinformatics/RESULTS.md
A6NFN3,RBFOX3,NCBITaxon:9606,Homo sapiens,GO:0000381,"regulation of alternative mRNA splicing, via spliceosome",,,IEA,,GO_REF:0000002,Gene Ontology inferred from electronic annotation based on InterPro,,,Automated annotation based on protein family membership,ACCEPT,Core function of RBFOX3 - well-documented regulation of alternative splicing through position-dependent binding to (U)GCAUG motifs,,,
A6NFN3,RBFOX3,NCBITaxon:9606,Homo sapiens,GO:0003676,nucleic acid binding,,,IEA,,GO_REF:0000120,Gene Ontology inferred from electronic annotation (IEA),,,Automated annotation based on RNA-binding domain,MODIFY,"Too general - RBFOX3 specifically binds RNA, not DNA. More specific RNA binding terms are available",,GO:0003723:RNA binding,
A6NFN3,RBFOX3,NCBITaxon:9606,Homo sapiens,GO:0003723,RNA binding,,,IEA,,GO_REF:0000120,Gene Ontology inferred from electronic annotation (IEA),,,Automated annotation based on RNA recognition motif,ACCEPT,Accurate and well-supported - RBFOX3 contains RRM domain and binds specific RNA sequences,,,
A6NFN3,RBFOX3,NCBITaxon:9606,Homo sapiens,GO:0007399,nervous system development,,,IEA,,GO_REF:0000002,Gene Ontology inferred from electronic annotation based on InterPro,,,Automated and inferred annotation based on neuronal expression,ACCEPT,Well-supported - RBFOX3 is essential for neuronal differentiation and CNS development,,,
A6NFN3,RBFOX3,NCBITaxon:9606,Homo sapiens,GO:0043484,regulation of RNA splicing,,,IEA,,GO_REF:0000120,Gene Ontology inferred from electronic annotation (IEA),,,Automated annotation based on splicing regulator function,KEEP_AS_NON_CORE,Accurate but less specific than 'regulation of alternative mRNA splicing' - alternative splicing is RBFOX3's core function,,,
A6NFN3,RBFOX3,NCBITaxon:9606,Homo sapiens,GO:0005634,nucleus,,,IEA,,GO_REF:0000120,Gene Ontology inferred from electronic annotation (IEA),,,Automated annotation and phylogenetic inference,MODIFY,Incomplete - RBFOX3 has both nuclear and cytoplasmic isoforms with distinct functions. Nuclear localization is isoform-dependent,,GO:0070013:intracellular organelle lumen,
A6NFN3,RBFOX3,NCBITaxon:9606,Homo sapiens,GO:0005737,cytoplasm,,,IEA,,GO_REF:0000120,Gene Ontology inferred from electronic annotation (IEA),,,Automated annotation and phylogenetic inference,MODIFY,Too general - RBFOX3 cytoplasmic isoforms have specific functions distinct from general cytoplasmic localization,,GO:0005829:cytosol,
A6NFN3,RBFOX3,NCBITaxon:9606,Homo sapiens,GO:0006397,mRNA processing,,,IEA,,GO_REF:0000043,Gene Ontology inferred from electronic annotation based on UniProtKB keywords,,,Automated annotation based on RNA processing function,MODIFY,"Too general - RBFOX3 specifically regulates alternative splicing, not general mRNA processing",,"GO:0000381:regulation of alternative mRNA splicing, via spliceosome",
A6NFN3,RBFOX3,NCBITaxon:9606,Homo sapiens,GO:0008380,RNA splicing,,,IEA,,GO_REF:0000043,Gene Ontology inferred from electronic annotation based on UniProtKB keywords,,,Automated annotation based on splicing function,MODIFY,"Less specific than RBFOX3's actual function - it regulates alternative splicing, not general splicing",,"GO:0000381:regulation of alternative mRNA splicing, via spliceosome",
A6NFN3,RBFOX3,NCBITaxon:9606,Homo sapiens,GO:0003729,mRNA binding,,,IBA,,GO_REF:0000033,Gene Ontology inferred from electronic annotation (IBA),,,Phylogenetic inference based on ortholog functions,ACCEPT,Accurate and specific - RBFOX3 binds to specific mRNA sequences through its RRM domain,,,
A6NFN3,RBFOX3,NCBITaxon:9606,Homo sapiens,GO:0005634,nucleus,,,IBA,,GO_REF:0000033,Gene Ontology inferred from electronic annotation (IBA),,,Phylogenetic inference of nuclear localization,ACCEPT,RBFOX3 nuclear isoforms are well-documented and functionally important,,,
A6NFN3,RBFOX3,NCBITaxon:9606,Homo sapiens,GO:0007399,nervous system development,,,IBA,,GO_REF:0000033,Gene Ontology inferred from electronic annotation (IBA),,,Phylogenetic inference based on neuronal development role,ACCEPT,RBFOX3 is essential for neuronal differentiation and CNS development,,,
A6NFN3,RBFOX3,NCBITaxon:9606,Homo sapiens,GO:0000381,"regulation of alternative mRNA splicing, via spliceosome",,,IBA,,GO_REF:0000033,Gene Ontology inferred from electronic annotation (IBA),,,Phylogenetic inference of alternative splicing regulation,ACCEPT,Core function - RBFOX3 regulates alternative splicing through position-dependent binding,,,
A6NFN3,RBFOX3,NCBITaxon:9606,Homo sapiens,GO:0005737,cytoplasm,,,IBA,,GO_REF:0000033,Gene Ontology inferred from electronic annotation (IBA),,,Phylogenetic inference of cytoplasmic localization,ACCEPT,RBFOX3 cytoplasmic isoforms are well-documented with distinct functions,,,
Q9BRQ4,CFAP300,NCBITaxon:9606,Homo sapiens,GO:0005515,protein binding,,,IPI,,PMID:29727692,C11orf70 mutations disrupting the intraflagellar transport-dependent assembly of multiple axonemal dyneins cause primary ciliary dyskinesia,,,DNAAF2 interaction supported by both publications but experimental details need verification,MODIFY,"PMID:29727693 states ""C11orf70 shows an interaction with cytoplasmic ODA/IDA assembly factor DNAAF2"" but publications don't detail experimental methods in abstracts. However, 'protein binding' is uninformative per curation guidelines. CFAP300 functions as an adapter/scaffolding protein for dynein arm assembly.",,GO:0030674:protein-macromolecule adaptor activity,
Q9BRQ4,CFAP300,NCBITaxon:9606,Homo sapiens,GO:0005737,cytoplasm,,,ISS,,GO_REF:0000024,Manual transfer of experimentally-verified manual GO annotation data to orthologs by curator judgment of sequence similarity.,,,Cytoplasmic localization directly supported by experimental evidence in publications,ACCEPT,"PMID:29727692 demonstrates that ""Tagged C11orf70 in Paramecium and Chlamydomonas localizes mainly in the cytoplasm with a small amount in the ciliary component."" PMID:29727693 confirms involvement in ""cytoplasmic assembly of dynein arms."" This validates the sequence similarity inference.",,,
Q9BRQ4,CFAP300,NCBITaxon:9606,Homo sapiens,GO:0005856,cytoskeleton,,,IEA,,GO_REF:0000043,Gene Ontology annotation based on UniProtKB/Swiss-Prot keyword mapping,,,Automated annotation based on keywords,MODIFY,"Too general - while technically correct that cilia are part of cytoskeleton, this annotation lacks specificity for CFAP300's actual functional location",,GO:0005930:axoneme,
Q9BRQ4,CFAP300,NCBITaxon:9606,Homo sapiens,GO:0031514,motile cilium,,,ISS,,GO_REF:0000024,Manual transfer of experimentally-verified manual GO annotation data to orthologs by curator judgment of sequence similarity.,,,Motile cilium localization confirmed by experimental evidence showing ciliary transport,ACCEPT,"PMID:29727692 shows ""Tagged C11orf70...localizes mainly in the cytoplasm with a small amount in the ciliary component"" and demonstrates ""its transport within cilia is IFT dependent."" Both papers show CFAP300 mutations cause ""immotile respiratory cilia"" confirming functional relevance to motile cilia.",,,
Q9BRQ4,CFAP300,NCBITaxon:9606,Homo sapiens,GO:0042995,cell projection,,,IEA,,GO_REF:0000043,Gene Ontology annotation based on UniProtKB/Swiss-Prot keyword mapping,,,Automated annotation based on keywords,REMOVE,Uninformative and redundant with motile cilium annotation. Provides no functional insight and is too general to be useful for understanding CFAP300 function,,,
P23458,JAK1,NCBITaxon:9606,Homo sapiens,GO:0004715,non-membrane spanning protein tyrosine kinase activity,,,IBA,,GO_REF:0000033,Gene Ontology inferred from electronic annotation (IBA),,,Well-supported core molecular function - JAK1 is a non-receptor tyrosine kinase,ACCEPT,"This is JAK1's primary molecular function, extensively validated by biochemical and functional studies. The IBA evidence is supported by direct experimental evidence.",,,
P23458,JAK1,NCBITaxon:9606,Homo sapiens,GO:0007259,cell surface receptor signaling pathway via JAK-STAT,,,IBA,,GO_REF:0000033,Gene Ontology inferred from electronic annotation (IBA),,,Core biological process - JAK1 is a central component of JAK-STAT signaling,ACCEPT,This is the canonical pathway mediated by JAK1. Essential for multiple cytokine receptor signaling cascades.,,,
P23458,JAK1,NCBITaxon:9606,Homo sapiens,GO:0019221,cytokine-mediated signaling pathway,,,IBA,,GO_REF:0000033,Gene Ontology inferred from electronic annotation (IBA),,,Core biological process - JAK1 mediates signaling for multiple cytokine families,ACCEPT,"JAK1 is required for Type I/II interferons, IL-6 family, and γc-dependent cytokines. This is a fundamental process for JAK1.",,,
P23458,JAK1,NCBITaxon:9606,Homo sapiens,GO:0035556,intracellular signal transduction,,,IBA,,GO_REF:0000033,Gene Ontology inferred from electronic annotation (IBA),,,Accurate but general biological process,KEEP_AS_NON_CORE,"While accurate, this is too general. More specific cytokine signaling terms better describe JAK1's function.",,,
P23458,JAK1,NCBITaxon:9606,Homo sapiens,GO:0030154,cell differentiation,,,IBA,,GO_REF:0000033,Gene Ontology inferred from electronic annotation (IBA),,,Valid downstream process mediated by JAK1-dependent cytokines,KEEP_AS_NON_CORE,"JAK1 regulates cell differentiation indirectly through cytokine signaling (e.g., lymphocyte development via IL-7), but this is a downstream consequence rather than core function.",,,
P23458,JAK1,NCBITaxon:9606,Homo sapiens,GO:0005131,growth hormone receptor binding,,,IBA,,GO_REF:0000033,Gene Ontology inferred from electronic annotation (IBA),,,Specific receptor interaction supported by experimental evidence,KEEP_AS_NON_CORE,"JAK1 does bind growth hormone receptor, but this is one of many receptor interactions. Core function is broader tyrosine kinase activity.",,,
P23458,JAK1,NCBITaxon:9606,Homo sapiens,GO:0004672,protein kinase activity,,,IEA,,GO_REF:0000002,Gene Ontology inferred from electronic annotation based on InterPro,,,Valid but less specific than protein tyrosine kinase activity,KEEP_AS_NON_CORE,Accurate but GO:0004715 (non-membrane spanning protein tyrosine kinase activity) is more specific and preferred.,,,
P23458,JAK1,NCBITaxon:9606,Homo sapiens,GO:0004713,protein tyrosine kinase activity,,,IEA,,GO_REF:0000120,Gene Ontology inferred from electronic annotation (IEA),,,Core molecular function - accurate and specific,ACCEPT,This is JAK1's primary catalytic activity. Well-supported by extensive biochemical evidence.,,,
P23458,JAK1,NCBITaxon:9606,Homo sapiens,GO:0005524,ATP binding,,,IEA,,GO_REF:0000120,Gene Ontology inferred from electronic annotation (IEA),,,Essential cofactor binding for kinase activity,ACCEPT,ATP binding is required for JAK1's tyrosine kinase activity. This is a core molecular function.,,,
P23458,JAK1,NCBITaxon:9606,Homo sapiens,GO:0000166,nucleotide binding,,,IEA,,GO_REF:0000043,Gene Ontology inferred from electronic annotation based on UniProtKB keywords,,,Too general - ATP binding is more specific,MODIFY,"While accurate, GO:0005524 (ATP binding) is more specific for JAK1's kinase activity",,GO:0005524:ATP binding,
P23458,JAK1,NCBITaxon:9606,Homo sapiens,GO:0016301,kinase activity,,,IEA,,GO_REF:0000043,Gene Ontology inferred from electronic annotation based on UniProtKB keywords,,,Valid but less specific than protein tyrosine kinase activity,KEEP_AS_NON_CORE,Accurate but too general. More specific tyrosine kinase terms are preferred.,,,
P23458,JAK1,NCBITaxon:9606,Homo sapiens,GO:0016740,transferase activity,,,IEA,,GO_REF:0000043,Gene Ontology inferred from electronic annotation based on UniProtKB keywords,,,Too general - represents broad enzyme class,REMOVE,This is overly general and doesn't provide useful functional information about JAK1's specific role as a tyrosine kinase.,,,
P23458,JAK1,NCBITaxon:9606,Homo sapiens,GO:0022407,regulation of cell-cell adhesion,,,IEA,,GO_REF:0000117,Gene Ontology inferred from electronic annotation based on ARBA,,,Downstream effect of JAK1 signaling in specific contexts,KEEP_AS_NON_CORE,"While JAK1 can influence cell adhesion through downstream signaling, this is context-specific and not a core function.",,,
P23458,JAK1,NCBITaxon:9606,Homo sapiens,GO:0046872,metal ion binding,,,IEA,,GO_REF:0000043,Gene Ontology inferred from electronic annotation based on UniProtKB keywords,,,General cofactor binding - not specific to JAK1 function,REMOVE,Too general and not informative about JAK1's specific biological role. Many proteins bind metal ions.,,,
P23458,JAK1,NCBITaxon:9606,Homo sapiens,GO:0005515,protein binding,,,IPI,,PMID:16273093,A quantitative protein interaction network for the ErbB receptors using protein microarrays.,,,General interaction capability but uninformative per curation guidelines,MODIFY,"While JAK1 does bind proteins, this term lacks specificity. JAK1's receptor binding is more informative.",,GO:0005131:growth hormone receptor binding,
P23458,JAK1,NCBITaxon:9606,Homo sapiens,GO:0031730,CCR5 chemokine receptor binding,,,IEA,,GO_REF:0000120,Gene Ontology inferred from electronic annotation (IEA),,,Specific receptor binding interaction,KEEP_AS_NON_CORE,"JAK1 can bind CCR5 chemokine receptor, but this is a specific interaction among many. Core function is broader tyrosine kinase activity.",,,
P23458,JAK1,NCBITaxon:9606,Homo sapiens,GO:0035771,interleukin-4-mediated signaling pathway,,,NAS,,PMID:12574355,Human activation-induced cytidine deaminase is induced by IL-4 and negatively regulated by CD45: implication of CD45 as a Janus kinase phosphatase in antibody diversification.,,,Specific cytokine pathway mediated by JAK1 supported by direct experimental evidence,ACCEPT,"PMID:12574355 demonstrates that IL-4 induces AID expression via ""IL-4-activated JAK1, JAK3, and STAT6 phosphorylations"" providing direct evidence for JAK1's essential role in IL-4 signaling.",,,
P23458,JAK1,NCBITaxon:9606,Homo sapiens,GO:0038111,interleukin-7-mediated signaling pathway,,,IDA,,PMID:29202461,IL-7-dependent STAT1 activation limits homeostatic CD4+ T cell expansion.,,,Critical cytokine pathway for lymphocyte development,ACCEPT,"JAK1 is essential for IL-7 signaling, which is crucial for T-cell and B-cell development. Core pathway for JAK1.",,,
P23458,JAK1,NCBITaxon:9606,Homo sapiens,GO:0072540,T-helper 17 cell lineage commitment,,,TAS,,PMID:27893700,Trans-presentation of IL-6 by dendritic cells is required for the priming of pathogenic T(H)17 cells.,,,Downstream differentiation process mediated by JAK1,KEEP_AS_NON_CORE,"JAK1 contributes to Th17 differentiation through cytokine signaling, but this is a downstream consequence rather than core function.",,,
P23458,JAK1,NCBITaxon:9606,Homo sapiens,GO:0006357,regulation of transcription by RNA polymerase II,,,IDA,,PMID:28753426,Methyltransferase SETD2-Mediated Methylation of STAT1 Is Critical for Interferon Antiviral Activity.,,,Downstream transcriptional effect of JAK1 signaling,KEEP_AS_NON_CORE,"JAK1 regulates transcription indirectly through STAT activation, but the core function is tyrosine kinase activity.",,,
P23458,JAK1,NCBITaxon:9606,Homo sapiens,GO:1900182,positive regulation of protein localization to nucleus,,,IDA,,PMID:26479788,PARP9-DTX3L ubiquitin ligase targets host histone H2BJ and viral 3C protease to enhance interferon signaling and control viral infection.,,,Nuclear translocation regulation through JAK1 signaling,KEEP_AS_NON_CORE,"JAK1 promotes STAT nuclear translocation, but this is a consequence of its kinase activity.",,,
P23458,JAK1,NCBITaxon:9606,Homo sapiens,GO:0060337,type I interferon-mediated signaling pathway,,,IMP,,PMID:23391734,STAT2 deficiency and susceptibility to viral illness in humans.,,,Core cytokine pathway - JAK1 essential for Type I IFN responses,ACCEPT,Type I interferon signaling is absolutely dependent on JAK1. This is a core biological process for JAK1.,,,
P23458,JAK1,NCBITaxon:9606,Homo sapiens,GO:0035723,interleukin-15-mediated signaling pathway,,,IDA,,PMID:7568001,"Tyrosine phosphorylation and activation of STAT5, STAT3, and Janus kinases by interleukins 2 and 15.",,,Specific γc-dependent cytokine pathway mediated by JAK1,ACCEPT,IL-15 signaling through γc receptor requires JAK1. Core cytokine pathway function.,,,
P23458,JAK1,NCBITaxon:9606,Homo sapiens,GO:0038110,interleukin-2-mediated signaling pathway,,,IDA,,PMID:7568005,"Critical role of the interleukin 2 (IL-2) receptor gamma-chain-associated Jak3 in the IL-2-induced c-fos and c-myc, but not bcl-2, gene induction.",,,Core γc-dependent cytokine pathway requiring JAK1,ACCEPT,IL-2 is a prototypical γc cytokine requiring JAK1 for signaling. Core function.,,,
P23458,JAK1,NCBITaxon:9606,Homo sapiens,GO:0038154,interleukin-11-mediated signaling pathway,,,IDA,,PMID:28781374,IL-11 induces differentiation of myeloid-derived suppressor cells through activation of STAT3 signalling pathway.,,,gp130-dependent cytokine pathway mediated by JAK1,ACCEPT,IL-11 signals through gp130 receptor and requires JAK1. Core IL-6 family cytokine function.,,,
P23458,JAK1,NCBITaxon:9606,Homo sapiens,GO:0140105,interleukin-10-mediated signaling pathway,,,IDA,,PMID:7543512,IL-10 induces the tyrosine phosphorylation of tyk2 and Jak1 and the differential assembly of STAT1 alpha and STAT3 complexes in human T cells and monocytes.,,,IL-10 cytokine signaling pathway requiring JAK1,ACCEPT,IL-10 signaling requires JAK1 for STAT activation. Core anti-inflammatory cytokine pathway.,,,
P23458,JAK1,NCBITaxon:9606,Homo sapiens,GO:0038113,interleukin-9-mediated signaling pathway,,,IDA,,PMID:9535918,Heteromerization of the gammac chain with the interleukin-9 receptor alpha subunit leads to STAT activation and prevention of apoptosis.,,,γc-dependent cytokine pathway mediated by JAK1,ACCEPT,IL-9 signals through γc receptor and requires JAK1. Core cytokine signaling function.,,,
P23458,JAK1,NCBITaxon:9606,Homo sapiens,GO:0006468,protein phosphorylation,,,IMP,,PMID:28111307,JAK1 gain-of-function causes an autosomal dominant immune dysregulatory and hypereosinophilic syndrome.,,,Core catalytic activity of JAK1 as a tyrosine kinase,ACCEPT,Protein phosphorylation is the fundamental enzymatic activity of JAK1. Core molecular function.,,,
P23458,JAK1,NCBITaxon:9606,Homo sapiens,GO:0031625,ubiquitin protein ligase binding,,,IPI,,PMID:24882218,Unanchored K48-linked polyubiquitin synthesized by the E3-ubiquitin ligase TRIM6 stimulates the interferon-IKKε kinase-mediated antiviral response.,,,Regulatory interaction for JAK1 degradation control,KEEP_AS_NON_CORE,"JAK1 binds ubiquitin ligases for regulation, but this is regulatory rather than core function.",,,
P23458,JAK1,NCBITaxon:9606,Homo sapiens,GO:0034112,positive regulation of homotypic cell-cell adhesion,,,IMP,,PMID:21679692,The tight junction protein ZO-2 and Janus kinase 1 mediate intercellular communications in vascular smooth muscle cells.,,,Downstream cellular effect of JAK1 signaling,KEEP_AS_NON_CORE,Cell adhesion regulation is a downstream consequence of JAK1 signaling in specific contexts.,,,
P23458,JAK1,NCBITaxon:9606,Homo sapiens,GO:0019903,protein phosphatase binding,,,IPI,,PMID:11909529,The T cell protein tyrosine phosphatase is a negative regulator of janus family kinases 1 and 3.,,,Regulatory interaction for JAK1 activity control,KEEP_AS_NON_CORE,Phosphatase binding regulates JAK1 activity but is not the core function.,,,
P23458,JAK1,NCBITaxon:9606,Homo sapiens,GO:0046677,response to antibiotic,,,IDA,,PMID:16280321,The heat shock protein 90-CDC37 chaperone complex is required for signaling by types I and II interferons.,,,Context-specific response mediated through JAK1 signaling,KEEP_AS_NON_CORE,Antibiotic response is context-specific and not representative of JAK1's core function.,,,
P23458,JAK1,NCBITaxon:9606,Homo sapiens,GO:0019221,cytokine-mediated signaling pathway,,,IBA,,GO_REF:0000033,Gene Ontology inferred from electronic annotation (IBA),,,Duplicate annotation - cytokine-mediated signaling,ACCEPT,"Valid annotation for JAK1's role in cytokine signaling, even though duplicated.",,,
P23458,JAK1,NCBITaxon:9606,Homo sapiens,GO:0004715,non-membrane spanning protein tyrosine kinase activity,,,IEA,,GO_REF:0000120,Gene Ontology inferred from electronic annotation (IEA),,,Duplicate annotation - non-membrane spanning kinase,ACCEPT,"Valid annotation for JAK1's kinase activity, even though duplicated.",,,
P23458,JAK1,NCBITaxon:9606,Homo sapiens,GO:0035556,intracellular signal transduction,,,IEA,,GO_REF:0000002,Gene Ontology inferred from electronic annotation based on InterPro,,,Duplicate annotation - intracellular signal transduction,ACCEPT,"Valid annotation for JAK1's signaling function, even though duplicated.",,,
P23458,JAK1,NCBITaxon:9606,Homo sapiens,GO:0007259,cell surface receptor signaling pathway via JAK-STAT,,,IEA,,GO_REF:0000117,Gene Ontology inferred from electronic annotation based on ARBA,,,Duplicate annotation - JAK-STAT pathway,ACCEPT,"Valid annotation for JAK1's role in JAK-STAT signaling, even though duplicated.",,,
P23458,JAK1,NCBITaxon:9606,Homo sapiens,GO:0019221,cytokine-mediated signaling pathway,,,IEA,,GO_REF:0000117,Gene Ontology inferred from electronic annotation based on ARBA,,,Duplicate annotation - cytokine signaling,ACCEPT,"Valid annotation for JAK1's cytokine signaling role, even though duplicated.",,,
P23458,JAK1,NCBITaxon:9606,Homo sapiens,GO:0005515,protein binding,,,IPI,,PMID:16710296,UBP43 is a novel regulator of interferon signaling independent of its ISG15 isopeptidase activity.,,,UBP43 direct binding interaction confirmed by experimental evidence,REMOVE,"PMID:16710296 demonstrates that ""Ubp43 specifically binds to the IFNAR2 receptor subunit and inhibits the activity of receptor-associated JAK1."" While this shows direct binding, generic protein binding annotations are removed per GO curation guidelines in favor of more specific functional terms.",,,
P23458,JAK1,NCBITaxon:9606,Homo sapiens,GO:0005515,protein binding,,,IPI,,PMID:21220115,"Structural snapshots of full-length Jak1, a transmembrane gp130/IL-6/IL-6Rα cytokine receptor complex, and the receptor-Jak1 holocomplex.",,,IL-6 receptor complex binding - structural study,MODIFY,This shows JAK1 binding to gp130/IL-6 receptor complex. Better captured as cytokine receptor binding.,,GO:0005126:cytokine receptor binding,
P23458,JAK1,NCBITaxon:9606,Homo sapiens,GO:0005515,protein binding,,,IPI,,PMID:25065853,Drug resistance via feedback activation of Stat3 in oncogene-addicted cancer cells.,,,STAT3 binding in drug resistance context,REMOVE,Drug resistance study showing feedback activation. Not informative for normal JAK1 function.,,,
P23458,JAK1,NCBITaxon:9606,Homo sapiens,GO:0005515,protein binding,,,IPI,,PMID:26175413,"CHZ868, a Type II JAK2 Inhibitor, Reverses Type I JAK Inhibitor Persistence and Demonstrates Efficacy in Myeloproliferative Neoplasms.",,,JAK2 interaction in JAK inhibitor study,REMOVE,"JAK inhibitor drug study, not informative for normal JAK1 function.",,,
P23458,JAK1,NCBITaxon:9606,Homo sapiens,GO:0005515,protein binding,,,IPI,,PMID:28514442,Architecture of the human interactome defines protein communities and disease networks.,,,Large-scale interactome study,REMOVE,"General proteome-wide interactome study, uninformative generic protein binding.",,,
P23458,JAK1,NCBITaxon:9606,Homo sapiens,GO:0005515,protein binding,,,IPI,,PMID:32953130,SARS-CoV-2 N protein antagonizes type I interferon signaling by suppressing phosphorylation and nuclear translocation of STAT1 and STAT2.,,,SARS-CoV-2 N protein interaction,KEEP_AS_NON_CORE,"Shows viral protein antagonizing JAK1 function, relevant for understanding viral immune evasion.",,,
P23458,JAK1,NCBITaxon:9606,Homo sapiens,GO:0005515,protein binding,,,IPI,,PMID:33961781,Dual proteome-scale networks reveal cell-specific remodeling of the human interactome.,,,Dual proteome-scale network study,REMOVE,"Large-scale proteome study, uninformative generic protein binding.",,,
P23458,JAK1,NCBITaxon:9606,Homo sapiens,GO:0005515,protein binding,,,IPI,,PMID:34521819,INVALID: Cannot retrieve from PubMed (possibly replaced or retracted),,,Invalid PMID - cannot retrieve,REMOVE,"PMID appears to be invalid or retracted, cannot verify interaction.",,,
P23458,JAK1,NCBITaxon:9606,Homo sapiens,GO:0005515,protein binding,,,IPI,,PMID:34950606,Severe Acute Respiratory Syndrome Coronavirus 2 (SARS-CoV-2) Membrane (M) and Spike (S) Proteins Antagonize Host Type I Interferon Response.,,,SARS-CoV-2 protein interactions,REMOVE,"Duplicate viral antagonism study, already covered by PMID:32953130.",,,
P23458,JAK1,NCBITaxon:9606,Homo sapiens,GO:0005515,protein binding,,,IPI,,PMID:35512704,Systematic discovery of mutation-directed neo-protein-protein interactions in cancer.,,,Cancer mutation-directed interactions,REMOVE,"Mutation-specific interactions in cancer, not representative of normal JAK1 function.",,,
P23458,JAK1,NCBITaxon:9606,Homo sapiens,GO:0005131,growth hormone receptor binding,,,IEA,,GO_REF:0000120,Gene Ontology inferred from electronic annotation (IEA),,,Duplicate annotation - growth hormone receptor binding,ACCEPT,"Valid annotation for JAK1's receptor binding, even though duplicated.",,,
P23458,JAK1,NCBITaxon:9606,Homo sapiens,GO:0019221,cytokine-mediated signaling pathway,,,TAS,,Reactome:R-HSA-6785807,Interleukin-4 and Interleukin-13 signaling,,,Duplicate annotation from Reactome,ACCEPT,"Valid annotation from Reactome pathway analysis, even though duplicated.",,,
P23458,JAK1,NCBITaxon:9606,Homo sapiens,GO:0004715,non-membrane spanning protein tyrosine kinase activity,,,TAS,,Reactome:R-HSA-1112602,"Tyrosine phosphorylation of STAT1, STAT3 by IL6 receptor",,,Duplicate Reactome annotation - IL6 receptor signaling,ACCEPT,Valid annotation from Reactome for JAK1's role in IL-6 signaling.,,,
P23458,JAK1,NCBITaxon:9606,Homo sapiens,GO:0004715,non-membrane spanning protein tyrosine kinase activity,,,TAS,,Reactome:R-HSA-1112703,PTPN11 is phosphorylated,,,Duplicate Reactome annotation - PTPN11 phosphorylation,ACCEPT,Valid annotation from Reactome for JAK1's kinase activity.,,,
P23458,JAK1,NCBITaxon:9606,Homo sapiens,GO:0004715,non-membrane spanning protein tyrosine kinase activity,,,TAS,,Reactome:R-HSA-6786095,"JAK1 phosphorylates STAT3,STAT6",,,Duplicate Reactome annotation - STAT3/STAT6 phosphorylation,ACCEPT,Valid annotation from Reactome for JAK1's role in STAT phosphorylation.,,,
P23458,JAK1,NCBITaxon:9606,Homo sapiens,GO:0004715,non-membrane spanning protein tyrosine kinase activity,,,TAS,,Reactome:R-HSA-6786096,"IL4R, IL2RG, JAK1 in IL4-bound IL4R1:JAK1 are phosphorylated",,,Duplicate Reactome annotation - IL4R phosphorylation,ACCEPT,Valid annotation from Reactome for JAK1's role in IL-4 signaling.,,,
P23458,JAK1,NCBITaxon:9606,Homo sapiens,GO:0004713,protein tyrosine kinase activity,,,EXP,,PMID:10825200,"Hierarchy of protein tyrosine kinases in interleukin-2 (IL-2) signaling: activation of syk depends on Jak3; however, neither Syk nor Lck is required for IL-2-mediated STAT activation.",,,IL-2 signaling hierarchy study,ACCEPT,Experimental evidence for JAK1's tyrosine kinase activity in IL-2 signaling. Core function.,,,
P23458,JAK1,NCBITaxon:9606,Homo sapiens,GO:0004713,protein tyrosine kinase activity,,,EXP,,PMID:1386289,A protein tyrosine kinase in the interferon alpha/beta signaling pathway.,,,Early characterization of JAK1 in interferon signaling,ACCEPT,Foundational paper demonstrating JAK1's tyrosine kinase activity in IFN signaling. Core function.,,,
P23458,JAK1,NCBITaxon:9606,Homo sapiens,GO:0004713,protein tyrosine kinase activity,,,EXP,,PMID:9446616,Interferon gamma activation of Raf-1 is Jak1-dependent and p21ras-independent.,,,IFN-gamma activation of Raf-1 via JAK1,ACCEPT,Experimental evidence for JAK1 kinase activity in IFN-gamma signaling. Core function.,,,
P23458,JAK1,NCBITaxon:9606,Homo sapiens,GO:0004713,protein tyrosine kinase activity,,,TAS,,Reactome:R-HSA-452122,"JAK1 phosphorylates Y338, Y392 and Y510 of IL2RB",,,Reactome annotation - IL2RB phosphorylation,ACCEPT,Valid annotation from Reactome for JAK1's kinase activity in IL-2 signaling.,,,
P23458,JAK1,NCBITaxon:9606,Homo sapiens,GO:0004713,protein tyrosine kinase activity,,,TAS,,Reactome:R-HSA-873924,Phosphorylation of IFNGR1 by JAK kinases,,,Reactome annotation - IFNGR1 phosphorylation,ACCEPT,Valid annotation from Reactome for JAK1's role in IFN-gamma signaling.,,,
P23458,JAK1,NCBITaxon:9606,Homo sapiens,GO:0007259,cell surface receptor signaling pathway via JAK-STAT,,,NAS,,PMID:12574355,Human activation-induced cytidine deaminase is induced by IL-4 and negatively regulated by CD45: implication of CD45 as a Janus kinase phosphatase in antibody diversification.,,,Duplicate JAK-STAT pathway annotation,ACCEPT,Valid annotation for JAK1's role in JAK-STAT signaling.,,,
P23458,JAK1,NCBITaxon:9606,Homo sapiens,GO:0004713,protein tyrosine kinase activity,,,IDA,,PMID:8272873,Association and activation of Jak-Tyk kinases by CNTF-LIF-OSM-IL-6 beta receptor components.,,,JAK-Tyk kinases in IL-6 family signaling,ACCEPT,Direct evidence for JAK1 kinase activity in IL-6 family cytokine signaling. Core function.,,,
P23458,JAK1,NCBITaxon:9606,Homo sapiens,GO:0007259,cell surface receptor signaling pathway via JAK-STAT,,,IDA,,PMID:8272873,Association and activation of Jak-Tyk kinases by CNTF-LIF-OSM-IL-6 beta receptor components.,,,Duplicate JAK-STAT annotation,ACCEPT,Valid annotation for JAK1's role in JAK-STAT signaling.,,,
P23458,JAK1,NCBITaxon:9606,Homo sapiens,GO:0004715,non-membrane spanning protein tyrosine kinase activity,,,TAS,,PMID:34813358,IFNAR1 and IFNAR2 play distinct roles in initiating type I interferon-induced JAK-STAT signaling and activating STATs.,,,IFNAR1/IFNAR2 distinct roles study,ACCEPT,Valid annotation for JAK1's kinase activity in interferon signaling.,,,
P23458,JAK1,NCBITaxon:9606,Homo sapiens,GO:0004715,non-membrane spanning protein tyrosine kinase activity,,,IDA,,PMID:7657660,Phosphorylation and activation of the DNA binding activity of purified Stat1 by the Janus protein-tyrosine kinases and the epidermal growth factor receptor.,,,STAT1 phosphorylation by JAK1,ACCEPT,Valid annotation for JAK1's kinase activity.,,,
P23458,JAK1,NCBITaxon:9606,Homo sapiens,GO:0004715,non-membrane spanning protein tyrosine kinase activity,,,TAS,,PMID:8232552,The protein tyrosine kinase JAK1 complements defects in interferon-alpha/beta and -gamma signal transduction.,,,Core molecular function confirmed by foundational interferon signaling study,ACCEPT,"PMID:8232552 established that JAK1 is ""completely defective in interferon response"" when absent and ""complementation of this mutant with JAK1 restored the response,"" demonstrating JAK1's essential tyrosine kinase activity in interferon signaling.",,,
P23458,JAK1,NCBITaxon:9606,Homo sapiens,GO:0004715,non-membrane spanning protein tyrosine kinase activity,,,IDA,,PMID:8232552,The protein tyrosine kinase JAK1 complements defects in interferon-alpha/beta and -gamma signal transduction.,,,Duplicate annotation from key interferon paper,ACCEPT,Valid annotation from foundational JAK1 paper.,,,
P23458,JAK1,NCBITaxon:9606,Homo sapiens,GO:0006357,regulation of transcription by RNA polymerase II,,,IDA,,PMID:9020188,Stat2 is a transcriptional activator that requires sequence-specific contacts provided by stat1 and p48 for stable interaction with DNA.,,,STAT2 transcriptional activation,KEEP_AS_NON_CORE,JAK1 regulates transcription indirectly through STAT activation. Downstream effect.,,,
P23458,JAK1,NCBITaxon:9606,Homo sapiens,GO:0007259,cell surface receptor signaling pathway via JAK-STAT,,,IDA,,PMID:23139419,Identification of STAT2 serine 287 as a novel regulatory phosphorylation site in type I interferon-induced cellular responses.,,,STAT2 Ser287 phosphorylation in IFN signaling,ACCEPT,Valid annotation for JAK1's role in interferon signaling.,,,
P23458,JAK1,NCBITaxon:9606,Homo sapiens,GO:0007259,cell surface receptor signaling pathway via JAK-STAT,,,IDA,,PMID:28753426,Methyltransferase SETD2-Mediated Methylation of STAT1 Is Critical for Interferon Antiviral Activity.,,,SETD2-mediated STAT1 methylation,ACCEPT,Valid annotation for JAK1's role in STAT signaling.,,,
P23458,JAK1,NCBITaxon:9606,Homo sapiens,GO:0007259,cell surface receptor signaling pathway via JAK-STAT,,,IDA,,PMID:7526154,Direct binding to and tyrosine phosphorylation of the alpha subunit of the type I interferon receptor by p135tyk2 tyrosine kinase.,,,TYK2 binding to IFN receptor,ACCEPT,Valid annotation for JAK1's role in interferon signaling.,,,
P23458,JAK1,NCBITaxon:9606,Homo sapiens,GO:0007259,cell surface receptor signaling pathway via JAK-STAT,,,IDA,,PMID:7657660,Phosphorylation and activation of the DNA binding activity of purified Stat1 by the Janus protein-tyrosine kinases and the epidermal growth factor receptor.,,,Duplicate JAK-STAT annotation,ACCEPT,Valid annotation for JAK1's role in JAK-STAT signaling.,,,
P23458,JAK1,NCBITaxon:9606,Homo sapiens,GO:0007259,cell surface receptor signaling pathway via JAK-STAT,,,IDA,,PMID:7759950,Soluble and membrane-anchored forms of the human IFN-alpha/beta receptor.,,,Duplicate JAK-STAT annotation,ACCEPT,Valid annotation for JAK1's role in JAK-STAT signaling.,,,
P23458,JAK1,NCBITaxon:9606,Homo sapiens,GO:0007259,cell surface receptor signaling pathway via JAK-STAT,,,IDA,,PMID:8605876,Phosphorylated interferon-alpha receptor 1 subunit (IFNaR1) acts as a docking site for the latent form of the 113 kDa STAT2 protein.,,,Duplicate JAK-STAT annotation,ACCEPT,Valid annotation for JAK1's role in JAK-STAT signaling.,,,
P23458,JAK1,NCBITaxon:9606,Homo sapiens,GO:0007259,cell surface receptor signaling pathway via JAK-STAT,,,TAS,,PMID:8232552,The protein tyrosine kinase JAK1 complements defects in interferon-alpha/beta and -gamma signal transduction.,,,Duplicate JAK-STAT annotation,ACCEPT,Valid annotation for JAK1's role in JAK-STAT signaling.,,,
P23458,JAK1,NCBITaxon:9606,Homo sapiens,GO:0007259,cell surface receptor signaling pathway via JAK-STAT,,,IDA,,PMID:8232552,The protein tyrosine kinase JAK1 complements defects in interferon-alpha/beta and -gamma signal transduction.,,,Duplicate JAK-STAT annotation,ACCEPT,Valid annotation for JAK1's role in JAK-STAT signaling.,,,
P23458,JAK1,NCBITaxon:9606,Homo sapiens,GO:1900182,positive regulation of protein localization to nucleus,,,IDA,,PMID:8605876,Phosphorylated interferon-alpha receptor 1 subunit (IFNaR1) acts as a docking site for the latent form of the 113 kDa STAT2 protein.,,,STAT2 nuclear localization,KEEP_AS_NON_CORE,"JAK1 promotes STAT nuclear translocation, but this is downstream of kinase activity.",,,
P23458,JAK1,NCBITaxon:9606,Homo sapiens,GO:0004713,protein tyrosine kinase activity,,,IDA,,PMID:7532278,Role of STAT2 in the alpha interferon signaling pathway.,,,STAT2 in IFN signaling pathway,ACCEPT,Direct evidence for JAK1 kinase activity. Core function.,,,
P23458,JAK1,NCBITaxon:9606,Homo sapiens,GO:0004713,protein tyrosine kinase activity,,,IDA,,PMID:7973659,Functional activation of Jak1 and Jak3 by selective association with IL-2 receptor subunits.,,,JAK1 and JAK3 with IL-2 receptor,ACCEPT,Direct evidence for JAK1 kinase activity in IL-2 signaling. Core function.,,,
P23458,JAK1,NCBITaxon:9606,Homo sapiens,GO:0030154,cell differentiation,,,IDA,,PMID:28781374,IL-11 induces differentiation of myeloid-derived suppressor cells through activation of STAT3 signalling pathway.,,,IL-11-induced MDSC differentiation,KEEP_AS_NON_CORE,"JAK1 contributes to cell differentiation through IL-11 signaling, but this is downstream.",,,
P23458,JAK1,NCBITaxon:9606,Homo sapiens,GO:0004713,protein tyrosine kinase activity,,,IC,,PMID:7543512,IL-10 induces the tyrosine phosphorylation of tyk2 and Jak1 and the differential assembly of STAT1 alpha and STAT3 complexes in human T cells and monocytes.,,,IL-10 induced JAK1 phosphorylation,ACCEPT,Inferred from IL-10 signaling studies. Core kinase function.,,,
P23458,JAK1,NCBITaxon:9606,Homo sapiens,GO:0004713,protein tyrosine kinase activity,,,IDA,,PMID:8756628,"A single tyrosine of the interleukin-9 (IL-9) receptor is required for STAT activation, antiapoptotic activity, and growth regulation by IL-9.",,,IL-9 receptor signaling,ACCEPT,Direct evidence for JAK1 kinase activity in IL-9 signaling. Core function.,,,
P23458,JAK1,NCBITaxon:9606,Homo sapiens,GO:0004713,protein tyrosine kinase activity,,,IDA,,PMID:10702271,"Interleukin (IL)-7 induces rapid activation of Pyk2, which is bound to Janus kinase 1 and IL-7Ralpha.",,,IL-7 induced Pyk2 activation,ACCEPT,Direct evidence for JAK1 kinase activity in IL-7 signaling. Core function.,,,
P23458,JAK1,NCBITaxon:9606,Homo sapiens,GO:0004713,protein tyrosine kinase activity,,,IDA,,PMID:15226449,Distinct regions of the interleukin-7 receptor regulate different Bcl2 family members.,,,IL-7 receptor and Bcl2 regulation,ACCEPT,Direct evidence for JAK1 kinase activity. Core function.,,,
P23458,JAK1,NCBITaxon:9606,Homo sapiens,GO:0004713,protein tyrosine kinase activity,,,IDA,,PMID:7929391,JAK1 kinase forms complexes with interleukin-4 receptor and 4PS/insulin receptor substrate-1-like protein and is activated by interleukin-4 and interleukin-9 in T lymphocytes.,,,IL-4 and IL-9 receptor activation,ACCEPT,Direct evidence for JAK1 kinase activity in IL-4/IL-9 signaling. Core function.,,,
P23458,JAK1,NCBITaxon:9606,Homo sapiens,GO:0035771,interleukin-4-mediated signaling pathway,,,IDA,,PMID:7760829,"Cloning of murine Stat6 and human Stat6, Stat proteins that are tyrosine phosphorylated in responses to IL-4 and IL-3 but are not required for mitogenesis.",,,Duplicate IL-4 pathway annotation,ACCEPT,Valid annotation for JAK1's role in IL-4 signaling.,,,
P23458,JAK1,NCBITaxon:9606,Homo sapiens,GO:0004713,protein tyrosine kinase activity,,,EXP,,PMID:31892268,Characterization of JAK1 Pseudokinase Domain in Cytokine Signaling.,,,JAK1 pseudokinase domain characterization,ACCEPT,Experimental evidence for JAK1 kinase activity and regulation. Core function.,,,
P23458,JAK1,NCBITaxon:9606,Homo sapiens,GO:0007259,cell surface receptor signaling pathway via JAK-STAT,,,IMP,,PMID:28111307,JAK1 gain-of-function causes an autosomal dominant immune dysregulatory and hypereosinophilic syndrome.,,,JAK1 gain-of-function syndrome,ACCEPT,Valid annotation demonstrating JAK1's role in JAK-STAT signaling.,,,
P23458,JAK1,NCBITaxon:9606,Homo sapiens,GO:0007259,cell surface receptor signaling pathway via JAK-STAT,,,IMP,,PMID:32750333,Complex Autoinflammatory Syndrome Unveils Fundamental Principles of JAK1 Kinase Transcriptional and Biochemical Function.,,,Autoinflammatory syndrome study,ACCEPT,Valid annotation demonstrating JAK1's role in JAK-STAT signaling.,,,
P23458,JAK1,NCBITaxon:9606,Homo sapiens,GO:0006468,protein phosphorylation,,,IMP,,PMID:32750333,Complex Autoinflammatory Syndrome Unveils Fundamental Principles of JAK1 Kinase Transcriptional and Biochemical Function.,,,Duplicate protein phosphorylation annotation,ACCEPT,Valid annotation for JAK1's phosphorylation activity.,,,
P23458,JAK1,NCBITaxon:9606,Homo sapiens,GO:0005515,protein binding,,,IPI,,PMID:21679692,The tight junction protein ZO-2 and Janus kinase 1 mediate intercellular communications in vascular smooth muscle cells.,,,ZO-2 binding in smooth muscle cells,REMOVE,"Context-specific protein interaction, not informative for JAK1 core function.",,,
P23458,JAK1,NCBITaxon:9606,Homo sapiens,GO:0005515,protein binding,,,IPI,,PMID:7759950,Soluble and membrane-anchored forms of the human IFN-alpha/beta receptor.,,,IFN-alpha/beta receptor binding,MODIFY,Shows JAK1 binding to type I IFN receptor. Better captured as receptor binding.,,GO:0004896:cytokine receptor activity,
P23458,JAK1,NCBITaxon:9606,Homo sapiens,GO:0005131,growth hormone receptor binding,,,ISS,,PMID:10502458,"The growth hormone receptor associates with Jak1, Jak2 and Tyk2 in human liver.",,,Growth hormone receptor association,KEEP_AS_NON_CORE,"JAK1 does bind GH receptor, but this is one of many receptor interactions.",,,
P23458,JAK1,NCBITaxon:9606,Homo sapiens,GO:0004713,protein tyrosine kinase activity,,,TAS,,PMID:1848670,"Two novel protein-tyrosine kinases, each with a second phosphotransferase-related catalytic domain, define a new class of protein kinase.",,,Early JAK1 characterization paper,ACCEPT,Foundational paper identifying JAK1 as a tyrosine kinase. Core function.,,,
P23458,JAK1,NCBITaxon:9606,Homo sapiens,GO:0006468,protein phosphorylation,,,TAS,,PMID:1848670,"Two novel protein-tyrosine kinases, each with a second phosphotransferase-related catalytic domain, define a new class of protein kinase.",,,Duplicate protein phosphorylation,REMOVE,Already covered by IMP annotation with PMID:28111307.,,,
P23458,JAK1,NCBITaxon:9606,Homo sapiens,GO:0035556,intracellular signal transduction,,,TAS,,PMID:8232552,The protein tyrosine kinase JAK1 complements defects in interferon-alpha/beta and -gamma signal transduction.,,,Duplicate general signal transduction,ACCEPT,Valid annotation for JAK1's signaling function.,,,
Q8WWK9,CKAP2,NCBITaxon:9606,Homo sapiens,GO:0015630,microtubule cytoskeleton,,,IBA,,GO_REF:0000033,Annotation inferences using phylogenetic trees,,,CKAP2 is directly involved with the microtubule cytoskeleton as a microtubule-binding protein that stabilizes and promotes microtubule growth. This is a core cellular component annotation supported by extensive experimental evidence.,ACCEPT,,,,
Q8WWK9,CKAP2,NCBITaxon:9606,Homo sapiens,GO:0007026,negative regulation of microtubule depolymerization,,,IBA,,GO_REF:0000033,Annotation inferences using phylogenetic trees,,,This annotation accurately reflects CKAP2s core function. Research shows CKAP2 strongly suppresses microtubule catastrophes and stabilizes microtubules against depolymerization. This represents a core molecular function of CKAP2.,ACCEPT,,,,
Q8WWK9,CKAP2,NCBITaxon:9606,Homo sapiens,GO:0000922,spindle pole,,,IEA,,GO_REF:0000044,"Gene Ontology annotation based on UniProtKB/Swiss-Prot Subcellular Location vocabulary mapping, accompanied by conservative changes to GO terms applied by UniProt.",,,Experimental evidence strongly supports CKAP2 localization at spindle poles during mitosis. CKAP2 is required for maintaining focused spindle poles and concentrating microtubule minus-ends at spindle poles. This is a well-supported cellular component annotation.,ACCEPT,,,,
Q8WWK9,CKAP2,NCBITaxon:9606,Homo sapiens,GO:0005737,cytoplasm,,,IEA,,GO_REF:0000043,Gene Ontology annotation based on UniProtKB/Swiss-Prot keyword mapping,,,"CKAP2 is indeed present in the cytoplasm, particularly during interphase when it is largely diffuse in the cytosol. However, this is a very general localization term that does not capture CKAP2s specific and functionally important localizations. This annotation is correct but not informative.",KEEP_AS_NON_CORE,,,,
Q8WWK9,CKAP2,NCBITaxon:9606,Homo sapiens,GO:0005819,spindle,,,IEA,,GO_REF:0000044,"Gene Ontology annotation based on UniProtKB/Swiss-Prot Subcellular Location vocabulary mapping, accompanied by conservative changes to GO terms applied by UniProt.",,,CKAP2 is strongly enriched at the mitotic spindle during mitosis and is required for proper spindle assembly and maintenance. Multiple studies show CKAP2 localizes to spindle microtubules and is essential for spindle organization. This is a core cellular component annotation.,ACCEPT,,,,
Q8WWK9,CKAP2,NCBITaxon:9606,Homo sapiens,GO:0005856,cytoskeleton,,,IEA,,GO_REF:0000120,Combined Automated Annotation using Multiple IEA Methods.,,,"CKAP2 is indeed a cytoskeleton-associated protein, specifically a microtubule-associated protein (MAP). However, this term is too general - the more specific microtubule cytoskeleton term better captures CKAP2s function. This annotation is correct but lacks specificity.",KEEP_AS_NON_CORE,,,,
Q8WWK9,CKAP2,NCBITaxon:9606,Homo sapiens,GO:0005874,microtubule,,,IEA,,GO_REF:0000043,Gene Ontology annotation based on UniProtKB/Swiss-Prot keyword mapping,,,"CKAP2 directly associates with microtubules as a microtubule-binding protein. This is supported by extensive experimental evidence showing CKAP2 binds to and stabilizes microtubules, particularly during mitosis. This is a core cellular component annotation.",ACCEPT,,,,
Q8WWK9,CKAP2,NCBITaxon:9606,Homo sapiens,GO:0006915,apoptotic process,,,IEA,,GO_REF:0000043,Gene Ontology annotation based on UniProtKB/Swiss-Prot keyword mapping,,,"PMID:16061649 explicitly states that ""In p53-competent cells, Ckap2 does not induce tetraploidy but activates p53-mediated cell cycle arrest and apoptosis."" This demonstrates that CKAP2 overexpression can directly activate apoptosis in a p53-dependent manner. However, this is based on overexpression studies and may not represent normal physiological function.",KEEP_AS_NON_CORE,,,,
Q8WWK9,CKAP2,NCBITaxon:9606,Homo sapiens,GO:0007026,negative regulation of microtubule depolymerization,,,IEA,,GO_REF:0000107,Automatic transfer of experimentally verified manual GO annotation data to orthologs using Ensembl Compara.,,,This is a duplicate of the IBA annotation above with the same GO term. The function is well-supported by experimental evidence showing CKAP2 suppresses microtubule catastrophes and stabilizes microtubules. This represents a core biological process for CKAP2.,ACCEPT,,,,
Q8WWK9,CKAP2,NCBITaxon:9606,Homo sapiens,GO:0015630,microtubule cytoskeleton,,,IEA,,GO_REF:0000107,Automatic transfer of experimentally verified manual GO annotation data to orthologs using Ensembl Compara.,,,This is a duplicate of the IBA annotation above with the same GO term. CKAP2 is directly involved with the microtubule cytoskeleton as a microtubule-binding and stabilizing protein. This is a core cellular component annotation.,ACCEPT,,,,
Q8WWK9,CKAP2,NCBITaxon:9606,Homo sapiens,GO:0005730,nucleolus,,,IDA,,GO_REF:0000052,Gene Ontology annotation based on curation of immunofluorescence data,,,"This annotation is based on immunofluorescence data (GO_REF:0000052), but neither PMID:16061649 nor PMID:21399614 mention nucleolar localization. PMID:16061649 shows CKAP2 is absent in G1 phase when nucleolar localization might be expected. This localization is not functionally significant compared to CKAP2s core mitotic functions.",KEEP_AS_NON_CORE,,,,
Q8WWK9,CKAP2,NCBITaxon:9606,Homo sapiens,GO:0005813,centrosome,,,IDA,,GO_REF:0000052,Gene Ontology annotation based on curation of immunofluorescence data,,,CKAP2 localizes to centrosomes during interphase and mitosis and is required for controlling centrosome duplication and ensuring proper centrosome function. This is a core cellular component annotation representing a functionally important subcellular localization for CKAP2.,ACCEPT,,,,
Q8WWK9,CKAP2,NCBITaxon:9606,Homo sapiens,GO:0005929,cilium,,,IDA,,GO_REF:0000052,Gene Ontology annotation based on curation of immunofluorescence data,,,"This annotation is based on immunofluorescence data (GO_REF:0000052), but neither PMID:16061649 nor PMID:21399614 mention ciliary localization or function. CKAP2s well-characterized functions are in mitotic spindle assembly and chromosome segregation. This appears to be an over-annotation possibly due to cross-reactivity or mislocalization artifacts.",MARK_AS_OVER_ANNOTATED,,,,
Q8WWK9,CKAP2,NCBITaxon:9606,Homo sapiens,GO:0015630,microtubule cytoskeleton,,,IDA,,GO_REF:0000052,Gene Ontology annotation based on curation of immunofluorescence data,,,TODO: Review this GOA annotation,PENDING,,,,
Q8WWK9,CKAP2,NCBITaxon:9606,Homo sapiens,GO:0036064,ciliary basal body,,,IDA,,GO_REF:0000052,Gene Ontology annotation based on curation of immunofluorescence data,,,"This annotation is based on immunofluorescence data (GO_REF:0000052), but neither PMID:16061649 nor PMID:21399614 provide evidence for ciliary basal body localization or function. CKAP2s well-characterized functions are in mitotic spindle assembly and chromosome segregation, not ciliary processes. This appears to be an over-annotation possibly due to immunofluorescence artifacts.",MARK_AS_OVER_ANNOTATED,,,,
Q8WWK9,CKAP2,NCBITaxon:9606,Homo sapiens,GO:0072686,mitotic spindle,,,IDA,,GO_REF:0000052,Gene Ontology annotation based on curation of immunofluorescence data,,,CKAP2 is strongly enriched at the mitotic spindle and is essential for mitotic spindle assembly and maintenance. This is more specific than the general spindle term and accurately reflects CKAP2s core function during mitosis. This is a core cellular component annotation.,ACCEPT,,,,
Q8WWK9,CKAP2,NCBITaxon:9606,Homo sapiens,GO:0015630,microtubule cytoskeleton,,,IDA,,PMID:16061649,"Ckap2 regulates aneuploidy, cell cycling, and cell death in a p53-dependent manner.",,,"PMID:16061649 directly states that ""Overexpressed Ckap2 colocalizes with and stabilizes microtubules"" and shows CKAP2 localizes ""to the spindle during mitosis"" and ""colocalizes with k-fibers during mitosis."" This provides strong experimental evidence for microtubule cytoskeleton involvement.",ACCEPT,,,,
Q8WWK9,CKAP2,NCBITaxon:9606,Homo sapiens,GO:0000281,mitotic cytokinesis,,,IGI,,PMID:16061649,"Ckap2 regulates aneuploidy, cell cycling, and cell death in a p53-dependent manner.",,,"PMID:16061649 states that overexpression of Ckap2 ""suggests disturbed mitosis and cytokinesis"" and shows that in p53-null cells, CKAP2 overexpression ""induces tetraploidy with aberrant centrosome numbers, suggesting disturbed mitosis and cytokinesis."" This suggests CKAP2 dysfunction affects cytokinesis, supporting this annotation.",ACCEPT,,,,
Q8WWK9,CKAP2,NCBITaxon:9606,Homo sapiens,GO:0045944,positive regulation of transcription by RNA polymerase II,,,IGI,,PMID:16061649,"Ckap2 regulates aneuploidy, cell cycling, and cell death in a p53-dependent manner.",,,"After thoroughly reading PMID:16061649, there is absolutely no mention of CKAP2 involvement in transcriptional regulation or RNA polymerase II. The publication focuses entirely on CKAP2s role in microtubule dynamics, chromosome segregation, and cell cycle regulation. This annotation is not supported by the referenced publication.",REMOVE,,,,
Q8WWK9,CKAP2,NCBITaxon:9606,Homo sapiens,GO:0005813,centrosome,,,IDA,,PMID:21399614,Novel asymmetrically localizing components of human centrosomes identified by complementary proteomics methods.,,,"PMID:21399614 is a general centrosome proteomics study that identified CKAP2 among ""126 known and 40 candidate centrosomal proteins"" but provides no specific functional data about CKAP2. This supports centrosome localization but without detailed functional context. This is a core cellular component annotation based on proteomics identification.",ACCEPT,,,,
Q88JH0,pedH,NCBITaxon:160488,Pseudomonas putida KT2440,GO:0005509,calcium ion binding,,,IEA,,GO_REF:0000120,Combined Automated Annotation using Multiple IEA Methods.,,,"Incorrect annotation. PedH is lanthanide-dependent, not calcium-dependent. This annotation likely arose from sequence similarity to other PQQ dehydrogenases. PedH requires La3+, Ce3+, Pr3+, Nd3+, Sm3+ etc. for activity, but not Ca2+.",REMOVE,,,,
Q88JH0,pedH,NCBITaxon:160488,Pseudomonas putida KT2440,GO:0016020,membrane,,,IEA,,GO_REF:0000002,Gene Ontology annotation through association of InterPro records with GO terms.,,,"Too vague and potentially misleading. PedH is a periplasmic protein, not membrane-associated. While it has a signal peptide for periplasmic targeting, it is a soluble enzyme in the periplasm, not membrane-bound.",REMOVE,,,,
Q88JH0,pedH,NCBITaxon:160488,Pseudomonas putida KT2440,GO:0016614,"oxidoreductase activity, acting on CH-OH group of donors",,,IEA,,GO_REF:0000002,Gene Ontology annotation through association of InterPro records with GO terms.,,,Accurate but too general. This correctly describes the broad enzymatic activity but lacks specificity about the PQQ-dependence and cytochrome c as electron acceptor. The more specific term GO:0052934 is present and preferred.,KEEP_AS_NON_CORE,,,,
Q88JH0,pedH,NCBITaxon:160488,Pseudomonas putida KT2440,GO:0030288,outer membrane-bounded periplasmic space,,,IEA,,GO_REF:0000002,Gene Ontology annotation through association of InterPro records with GO terms.,,,Correct but overly specific. This is accurate for the periplasmic localization but the simpler GO:0042597 periplasmic space is also present and more commonly used. Both are correct but GO:0042597 is preferred for simplicity.,KEEP_AS_NON_CORE,,,,
Q88JH0,pedH,NCBITaxon:160488,Pseudomonas putida KT2440,GO:0016491,oxidoreductase activity,,,IEA,,GO_REF:0000120,Combined Automated Annotation using Multiple IEA Methods.,,,"Too general and uninformative. While technically correct, this term provides no specific functional information. The more specific terms GO:0052934 and GO:0016614 are present and much more informative.",REMOVE,,,,
Q88JH0,pedH,NCBITaxon:160488,Pseudomonas putida KT2440,GO:0020037,heme binding,,,IEA,,GO_REF:0000117,Electronic Gene Ontology annotations created by ARBA machine learning models,,,"Incorrect annotation. PedH does not bind heme directly. It uses cytochrome c550 as an external electron acceptor, but PedH itself is not a heme-containing protein. This annotation likely arose from automated inference errors.",REMOVE,,,,
Q88JH0,pedH,NCBITaxon:160488,Pseudomonas putida KT2440,GO:0042597,periplasmic space,,,IEA,,GO_REF:0000120,Combined Automated Annotation using Multiple IEA Methods.,,,Correct and well-supported. PedH has a signal peptide and is localized to the periplasm where it functions in alcohol oxidation. This is a core cellular component annotation.,ACCEPT,,,,
Q88JH0,pedH,NCBITaxon:160488,Pseudomonas putida KT2440,GO:0046872,metal ion binding,,,IEA,,GO_REF:0000043,Gene Ontology annotation based on UniProtKB/Swiss-Prot keyword mapping,,,"Correct but too general. PedH specifically binds lanthanide ions (La3+, Ce3+, Pr3+, Nd3+, Sm3+) which are essential for activity. A more specific lanthanide binding term would be preferable if available.",ACCEPT,,,,
Q88JH0,pedH,NCBITaxon:160488,Pseudomonas putida KT2440,GO:0052934,alcohol dehydrogenase (cytochrome c) activity,,,IEA,,GO_REF:0000120,Combined Automated Annotation using Multiple IEA Methods.,,,Excellent and highly specific annotation. This perfectly describes PedH function - it is an alcohol dehydrogenase that uses cytochrome c (specifically cytochrome c550) as electron acceptor. This is the core molecular function annotation.,ACCEPT,,,,
Q88JH0,pedH,NCBITaxon:160488,Pseudomonas putida KT2440,GO:0070968,pyrroloquinoline quinone binding,,,IEA,,GO_REF:0000117,Electronic Gene Ontology annotations created by ARBA machine learning models,,,Perfect annotation. PedH absolutely requires PQQ as a cofactor (1:1 stoichiometry) for all catalytic activity. This is well-supported by crystal structure data showing specific PQQ binding sites. Core molecular function.,ACCEPT,,,,
